{"cameraMode":{"drawMode":0,"name":"Shaded","section":"Shading Mode"},"sceneLighting":true,"audioPlay":false,"sceneViewState":{"showFog":true,"showMaterialUpdate":false,"showSkybox":true,"showFlares":true,"showImageEffects":true,"showParticleSystems":true},"in2DMode":false,"pivot":{"x":-2.090148687362671,"y":1.2721612453460694,"z":1.4233685731887818},"rotation":{"x":-0.4402497410774231,"y":0.22767037153244019,"z":-0.11645513027906418,"w":-0.8606933951377869},"size":2.094346284866333,"orthographic":false}